IWCE - International Window Coverings Expo: Vision ,NAHB International Builders' Show (IBS),0.471077812332
Texworld USA - Worldwide Fabrics Rendez-vous (January),Texworld USA 2012(Texworld USA ),1.37148503764
Texworld USA - Worldwide Fabrics Rendez-vous (January),Texworld USA 2012(Texworld USA ),1.37148503764
SEMICON/West - Semiconductor Equipment and Materials Exhibition and Conference (Wafer Processing),SEMICON West 2013,1.15470053838
Texworld USA - Worldwide Fabrics Rendez-vous (January),Texworld USA,1.41421356237
NHS - National Hardware Show with Lawn & Garden World,National Hardware Show,1.73205080757
NHS - National Hardware Show with Lawn & Garden World,National Hardware Show,1.73205080757
NHS - National Hardware Show with Lawn & Garden World,National Hardware Show,1.73205080757
MD & M West - Medical Design and Manufacturing West Conference & Exposition,Medical Design & Manufacturing  MD&M West(MD&M West),2.06436776175
Atlantic Design & Manufacturing,Atlantic Design & Manufacturing,1.73205080757
The Battery Show,The Battery Show- The Expo for Advanced Batteries,1.29734509256
KBIS - The Kitchen and Bath Industry Show (Las Vegas),Kitchen & Bath Industry Show (KBIS 2015),2.00785445966
NHS - National Hardware Show with Lawn & Garden World,National Hardware Show,1.73205080757
Pacific Design & Manufacturing,Pacific Design & Manufacturing Exhibition,1.4066899062
Texworld USA - Worldwide Fabrics Rendez-vous (January),Texworld USA,1.41421356237
NAHB International Builders' Show,The International Builders' Show(IBS 2014),1.21111186144
NAHB International Builders' Show,NAHB International Builders' Show (IBS),1.74840918032
IBS New York - International Beauty Show,IBS New York - The International Beauty Show New York 2015(IBS New York 2015),2.00401673781
Texworld USA - Worldwide Fabrics Rendez-vous (January),Texworld USA,1.41421356237
ITEX - NATIONAL CONFERENCE AND EXPO,The Internationl Travel Goods Show,0.0
Texworld USA - Worldwide Fabrics Rendez-vous (January),Texworld USA 2012(Texworld USA ),1.37148503764
KBIS - The Kitchen and Bath Industry Show (Las Vegas),Kitchen & Bath Industry Show (KBIS 2015),2.00785445966
CTIA WIRELESS - Telecommunications Industry Association Meeting & Exposition,Super Mobility Week,0.0
MD & M West - Medical Design and Manufacturing West Conference & Exposition,Medical Design & Manufacturing West(MD&M West),2.13142683123
MD & M West - Medical Design and Manufacturing West Conference & Exposition,Medical Design & Manufacturing West(MD&M West),2.13142683123
Premiere Vision-New York (spring),Premiere Vision New York - Spring Summer 16,1.80381273043
SEMICON/West - Semiconductor Equipment and Materials Exhibition and Conference (Wafer Processing),SEMICON West 2013,1.15470053838
The Battery Show,The Battery Show(Battery),1.55053753979
Texworld USA - Worldwide Fabrics Rendez-vous (January),Texworld USA,1.41421356237
KBIS - The Kitchen and Bath Industry Show (Las Vegas),Kitchen & Bath Industry Show (KBIS 2015),2.00785445966
NHS - National Hardware Show with Lawn & Garden World,National Hardware Show,1.73205080757
NAHB International Builders' Show,NAHB International Builders' Show (IBS),1.74840918032
WestPack - The Western Packaging Exposition,WestPack,1.0
IBS New York - International Beauty Show,The International Beauty Show New York(IBS New York 2014),2.12128249616
Premiere Vision-New York (fall),Premiere Vision New York-AW15-16,1.7061898261
OFC - Optical Fiber Communications Conference,OFC/NFOEC 2013,0.57735026919
KBIS - The Kitchen and Bath Industry Show (Chicago),Kitchen & Bath Industry Show(KBIS 2012),2.04124145232
NHS - National Hardware Show with Lawn & Garden World,National Hardware Show,1.73205080757
MD & M West - Medical Design and Manufacturing West Conference & Exposition,Medical Design & Manufacturing West(MD&M West),2.13142683123
KBIS - The Kitchen and Bath Industry Show (Las Vegas),Kitchen & Bath Industry Show (KBIS 2014)(KBIS 2014),1.85002059773
KBIS - The Kitchen and Bath Industry Show (Chicago),Kitchen & Bath Industry Show(KBIS 2012),2.04124145232
NAHB International Builders' Show,NAHB International Builders' Show (IBS),1.74840918032
MD & M West - Medical Design and Manufacturing West Conference & Exposition,Medical Design & Manufacturing West(MD&M West),2.13142683123
NHS - National Hardware Show with Lawn & Garden World,National Hardware Show,1.73205080757
MD & M West - Medical Design and Manufacturing West Conference & Exposition,MD&M West Show 2015,0.990875131563
Pacific Design Engineering Show,Pacific Design & Manufacturing Exhibition,1.0262842586
Premiere Vision-New York (fall),Premiere Vision New York-AW15-16,1.7061898261
Texworld USA - Worldwide Fabrics Rendez-vous (January),Texworld USA,1.41421356237
Texworld USA - Worldwide Fabrics Rendez-vous (January),Texworld USA,1.41421356237
IBS New York - International Beauty Show,The International Beauty Show New York(IBS New York 2014),2.12128249616
WestPack - The Western Packaging Exposition,PLASTEC West 2015,0.0
NHS - National Hardware Show with Lawn & Garden World,National Hardware Show,1.73205080757
NHS - National Hardware Show with Lawn & Garden World,National Hardware Show,1.73205080757
Texworld USA - Worldwide Fabrics Rendez-vous (January),Texworld USA,1.41421356237
NHS - National Hardware Show with Lawn & Garden World,National Hardware Show,1.73205080757
MD & M West - Medical Design and Manufacturing West Conference & Exposition,Medical Design & Manufacturing  MD&M West(MD&M West),2.06436776175
NHS - National Hardware Show with Lawn & Garden World,National Hardware Show,1.73205080757
"The Travel Goods Show - The International Travelgoods, Leather and Accessories Show",The Internationl Travel Goods Show,1.788854382
KBIS - The Kitchen and Bath Industry Show (Las Vegas),Kitchen & Bath Industry Show (KBIS 2015),2.00785445966
Pacific Design & Manufacturing,PLASTEC West 2015,0.0
Premiere Vision-New York (fall),Premiere Vision New York,1.97217900225
Texworld USA - Worldwide Fabrics Rendez-vous (January),Texworld USA,1.41421356237
Texworld USA - Worldwide Fabrics Rendez-vous (January),Texworld USA 2012(Texworld USA ),1.37148503764
MD & M West - Medical Design and Manufacturing West Conference & Exposition,MD&M West Show 2015,0.990875131563
Premiere Vision-New York (fall),Premiere Vision New York,1.97217900225
KBIS - The Kitchen and Bath Industry Show (Chicago),Kitchen & Bath Industry Show(KBIS 2012),2.04124145232
MD & M East - Medical Design and Manufacturing East Conference and Exhibition,Medical Design & Manufacturing (MD &M) East (MD&M East),2.06436776175
NHS - National Hardware Show with Lawn & Garden World,National Hardware Show,1.73205080757
SEMICON/West - Semiconductor Equipment and Materials Exhibition and Conference (Wafer Processing),SEMICON West 2014,1.26333440348
Texworld USA - Worldwide Fabrics Rendez-vous (January),Texworld USA,1.41421356237
HBA GLOBAL EXPO,HBA Global Expo (HBA 2014),1.51185789204
Premiere Vision-New York (fall),Premiere Vision New York,1.97217900225
SEMICON/West - Semiconductor Equipment and Materials Exhibition and Conference (Wafer Processing),SEMICON West 2013,1.15470053838
Surfaces - Floor Covering Show,SURFACES 2013,0.707106781187
OFC - Optical Fiber Communications Conference,OFC/NFOEC 2013,0.57735026919
KBIS - The Kitchen and Bath Industry Show (Las Vegas),Kitchen & Bath Industry Show (KBIS 2015),2.00785445966
MD & M East - Medical Design and Manufacturing East Conference and Exhibition,Medical Design & Manufacturing (MD &M) East (MD&M East),2.06436776175
Natural Products Expo East,Natural Products Expo East 2015,1.88431124933
HBA GLOBAL EXPO,HBA Global Expo,1.73205080757
Texworld USA - Worldwide Fabrics Rendez-vous (January),Texworld USA,1.41421356237
WestPack - The Western Packaging Exposition,WestPack,1.0
Texworld USA - Worldwide Fabrics Rendez-vous (January),Texworld USA,1.41421356237
Texworld USA - Worldwide Fabrics Rendez-vous (January),Texworld USA 2012(Texworld USA ),1.37148503764
Premiere Vision-New York (spring),Premiere Vision New York Spring Summer 2015 (PREMIERE VISION),1.84753253914
CTIA WIRELESS - Telecommunications Industry Association Meeting & Exposition,Super Mobility Week,0.0
Premiere Vision-New York (spring),Premiere Vision New York - Spring Summer 16,1.80381273043
Texworld USA - Worldwide Fabrics Rendez-vous (January),Texworld USA,1.41421356237
NAHB International Builders' Show,NAHB International Builders' Show (IBS),1.74840918032
Texworld USA - Worldwide Fabrics Rendez-vous (January),Texworld USA 2012(Texworld USA ),1.37148503764
NHS - National Hardware Show with Lawn & Garden World,National Hardware Show,1.73205080757
NAHB International Builders' Show,The International Builders' Show(IBS 2014),1.21111186144
WestPack - The Western Packaging Exposition,WestPack,1.0
CTIA WIRELESS - Telecommunications Industry Association Meeting & Exposition,Super Mobility Week,0.0
NAHB International Builders' Show,NAHB International Builders' Show (IBS),1.74840918032
NHS - National Hardware Show with Lawn & Garden World,National Hardware Show,1.73205080757
MD & M West - Medical Design and Manufacturing West Conference & Exposition,Medical Design & Manufacturing  MD&M West(MD&M West),2.06436776175
Texworld USA - Worldwide Fabrics Rendez-vous (January),Texworld USA,1.41421356237
NHS - National Hardware Show with Lawn & Garden World,National Hardware Show,1.73205080757
KBIS - The Kitchen and Bath Industry Show (Las Vegas),Kitchen & Bath Industry Show (KBIS 2014)(KBIS 2014),1.85002059773
PLASTEC NEW ENGLAND,Electronics NEW ENGLAND 2014,0.960916794585
NHS - National Hardware Show with Lawn & Garden World,National Hardware Show,1.73205080757
NHS - National Hardware Show with Lawn & Garden World,National Hardware Show,1.73205080757
NHS - National Hardware Show with Lawn & Garden World,National Hardware Show,1.73205080757
OFC - Optical Fiber Communications Conference,OFC/NFOEC 2013,0.57735026919
POWER-GEN International - The Global Power Generation Exhibition & Conference,POWER-GEN International 2013(PGI 2013),1.06066017178
Pack Expo,PACK EXPO Las Vegas 2015(PACK EXPO ),1.13942557738
Pacific Design & Manufacturing,PLASTEC West 2015,0.0
Texworld USA - Worldwide Fabrics Rendez-vous (January),Texworld USA,1.41421356237
POWER-GEN International - The Global Power Generation Exhibition & Conference,POWER-GEN International 2012(PGI 2012),1.06066017178
NHS - National Hardware Show with Lawn & Garden World,National Hardware Show,1.73205080757
Techtextil North America (Atlanta),Techtextil North America 2012,1.60213898716
NHS - National Hardware Show with Lawn & Garden World,National Hardware Show,1.73205080757
Intersolar North America,Intersolar North America,1.73205080757
SEMICON/West - Semiconductor Equipment and Materials Exhibition and Conference (Wafer Processing),SEMICON West 2015,1.26333440348
IWCE - International Window Coverings Expo: Vision ,NAHB International Builders' Show (IBS),0.471077812332
HBA GLOBAL EXPO,HBA Global Expo (HBA 2014),1.51185789204
HBA GLOBAL EXPO,HBA Global Expo,1.73205080757
Intersolar North America,Intersolar North America,1.73205080757
Pack Expo,PACK EXPO Las Vegas 2015(PACK EXPO ),1.13942557738
KBIS - The Kitchen and Bath Industry Show (Las Vegas),Kitchen & Bath Industry Show (KBIS 2014)(KBIS 2014),1.85002059773
ATX MIDWEST - Automation Technology Expo,Sustainability in Manufacturing expo (SIM Anaheim 2014),0.404907090616
Premiere Vision-New York (fall),Premiere Vision New York-AW15-16,1.7061898261
MD & M West - Medical Design and Manufacturing West Conference & Exposition,MD&M West Show 2015,0.990875131563
"The Travel Goods Show - The International Travelgoods, Leather and Accessories Show",The Internationl Travel Goods Show,1.788854382
HBA GLOBAL EXPO,HBA Global Expo (HBA 2014),1.51185789204
Plastec West - A Plasticstoday Event,PLASTEC West 2015,1.19877467657
Pack Expo,PACK EXPO Las Vegas 2015(PACK EXPO ),1.13942557738
Texworld USA - Worldwide Fabrics Rendez-vous (January),Texworld USA 2012(Texworld USA ),1.37148503764
CTIA WIRELESS - Telecommunications Industry Association Meeting & Exposition,Super Mobility Week,0.0
KBIS - The Kitchen and Bath Industry Show (Chicago),Kitchen & Bath Industry Show(KBIS 2012),2.04124145232
Premiere Vision-New York (spring),Premiere Vision New York - Spring Summer 16,1.80381273043
"JEC americas Conferences, Table-Tops and Networking",JEC Americas 2015,1.15470053838
MD & M West - Medical Design and Manufacturing West Conference & Exposition,Medical Design & Manufacturing West(MD&M West),2.13142683123
"The Kingpins Show, New York (July)",Premiere Vision New York-AW15-16,0.709297266606
SEMICON/West - Semiconductor Equipment and Materials Exhibition and Conference (Wafer Processing),SEMICON West 2015,1.26333440348
EASTPACK - The Eastern Packaging Exposition,EastPack,1.0
NHS - National Hardware Show with Lawn & Garden World,National Hardware Show,1.73205080757
MD & M West - Medical Design and Manufacturing West Conference & Exposition,MD&M West Show 2015,0.990875131563
KBIS - The Kitchen and Bath Industry Show (Chicago),Kitchen & Bath Industry Show(KBIS 2012),2.04124145232
NHS - National Hardware Show with Lawn & Garden World,National Hardware Show,1.73205080757
Vision IWCE -International Window Coverings Expo,International Window Coverings  Expo   VISION  '12(IWCE),2.26778683806
MD & M West - Medical Design and Manufacturing West Conference & Exposition,Medical Design & Manufacturing West(MD&M West),2.13142683123
The Battery Show,The Battery Show- The Expo for Advanced Batteries,1.29734509256
CURRENT CONCEPTS IN JOINT REPLACEMENT -Spring ,TIDES : 2012 (TIDES ),0.0
KBIS - The Kitchen and Bath Industry Show (Chicago),Kitchen & Bath Industry Show(KBIS 2012),2.04124145232
Texworld USA - Worldwide Fabrics Rendez-vous (January),Texworld USA,1.41421356237
NHS - National Hardware Show with Lawn & Garden World,National Hardware Show,1.73205080757
CURVENY New York - Fall/Winter,COTERIE,0.0
Pacific Design Manufacturing,Pacific Design & Manufacturing Exhibition,1.4066899062
NHS - National Hardware Show with Lawn & Garden World,National Hardware Show,1.73205080757
Intersolar North America,Intersolar North America,1.73205080757
MD & M West - Medical Design and Manufacturing West Conference & Exposition,Medical Design & Manufacturing  MD&M West(MD&M West),2.06436776175
Premiere Vision-New York (spring),Premiere Vision New York Spring Summer 2015 (PREMIERE VISION),1.84753253914
Texworld USA - Worldwide Fabrics Rendez-vous (January),Texworld USA,1.41421356237
Texworld USA - Worldwide Fabrics Rendez-vous (January),Texworld USA,1.41421356237
Texworld USA - Worldwide Fabrics Rendez-vous (January),Texworld USA 2012(Texworld USA ),1.37148503764
"GlassBuild America - The Glass, Window & Door Expo","GlassBuild America - The Glass, Window & Door Expo(GlassBuild America)",2.49615088301
Natural Products Expo East,Natural Products Expo East 2015,1.88431124933
Texworld USA - Worldwide Fabrics Rendez-vous (January),Texworld USA 2012(Texworld USA ),1.37148503764
Texworld USA - Worldwide Fabrics Rendez-vous (January),Texworld USA 2012(Texworld USA ),1.37148503764
WestPack - The Western Packaging Exposition,WestPack,1.0
NHS - National Hardware Show with Lawn & Garden World,National Hardware Show,1.73205080757
SEMICON/West - Semiconductor Equipment and Materials Exhibition and Conference (Wafer Processing),SEMICON West 2014,1.26333440348
SEMICON/West - Semiconductor Equipment and Materials Exhibition and Conference (Wafer Processing),SEMICON West 2013,1.15470053838
MD & M West - Medical Design and Manufacturing West Conference & Exposition,Medical Design & Manufacturing  MD&M West(MD&M West),2.06436776175
SEMICON/West - Semiconductor Equipment and Materials Exhibition and Conference (Wafer Processing),SEMICON West 2012,1.15470053838
Texworld USA - Worldwide Fabrics Rendez-vous (January),Texworld USA 2012(Texworld USA ),1.37148503764
NHS - National Hardware Show with Lawn & Garden World,National Hardware Show,1.73205080757
OFC - Optical Fiber Communications Conference,OFC/NFOEC 2013,0.57735026919
Premiere Vision-New York (spring),Premiere Vision New York - Spring Summer 16,1.80381273043
Vision IWCE -International Window Coverings Expo,International Window Coverings  Expo   VISION  '12(IWCE),2.26778683806
NAHB International Builders' Show,NAHB International Builders' Show (IBS),1.74840918032
SEMICON/West - Semiconductor Equipment and Materials Exhibition and Conference (Wafer Processing),SEMICON West 2012,1.15470053838
MD & M West - Medical Design and Manufacturing West Conference & Exposition,Medical Design & Manufacturing  MD&M West(MD&M West),2.06436776175
Atlantic Design & Manufacturing,Atlantic Design & Manufacturing,1.72266250928
MD & M West - Medical Design and Manufacturing West Conference & Exposition,MD&M West Show 2015,0.990875131563
HBA GLOBAL EXPO,HBA Global Expo (HBA 2014),1.51185789204
Premiere Vision-New York (fall),Premiere Vision New York,1.97217900225
NHS - National Hardware Show with Lawn & Garden World,National Hardware Show,1.73205080757
Premiere Vision-New York (spring),Premiere Vision New York Spring Summer 2015 (PREMIERE VISION),1.84753253914
"GlassBuild America - The Glass, Window & Door Expo","GlassBuild America - The Glass, Window & Door Expo(GlassBuild America)",2.49615088301
HBA GLOBAL EXPO,HBA Global Expo,1.73205080757
Pacific Design & Manufacturing,PLASTEC West 2015,0.0
SEMICON/West - Semiconductor Equipment and Materials Exhibition and Conference (Wafer Processing),SEMICON West 2015,1.26333440348
NHS - National Hardware Show with Lawn & Garden World,National Hardware Show,1.73205080757
SEMICON/West - Semiconductor Equipment and Materials Exhibition and Conference (Wafer Processing),SEMICON West 2012,1.15470053838
electronics west,PLASTEC West 2015,0.517856116168
Premiere Vision-New York (spring),Premiere Vision New York Spring Summer 2015 (PREMIERE VISION),1.84753253914
