2014-06-10-2014-06-12-New York-53208845,Atlantic Design & Manufacturing,Atlantic Design & Manufacturing,1.72266250928
2015-01-19-2015-01-21-New York-70507516,Texworld USA - Worldwide Fabrics Rendez-vous (January),Texworld USA,1.41421356237
2014-03-11-2014-03-13-Las Vegas-16264415,"The Travel Goods Show - The International Travelgoods, Leather and Accessories Show",The Internationl Travel Goods Show,1.788854382
2012-05-01-2012-05-03-Las Vegas-69662980,NHS - National Hardware Show with Lawn & Garden World,National Hardware Show,1.73205080757
2013-02-12-2013-02-14-Anaheim-23538073,MD & M West - Medical Design and Manufacturing West Conference & Exposition,Medical Design & Manufacturing  MD&M West(MD&M West),2.06436776175
2015-01-19-2015-01-21-New York-12651800,Texworld USA - Worldwide Fabrics Rendez-vous (January),Texworld USA,1.41421356237
2012-04-24-2012-04-26-Chicago-22274989,KBIS - The Kitchen and Bath Industry Show (Chicago),Kitchen & Bath Industry Show(KBIS 2012),2.04124145232
2015-01-20-2015-01-22-Las Vegas-34651874,KBIS - The Kitchen and Bath Industry Show (Las Vegas),Kitchen & Bath Industry Show (KBIS 2015),2.00785445966
2013-11-12-2013-11-14-Orlando-28772843,POWER-GEN International - The Global Power Generation Exhibition & Conference,POWER-GEN International 2013(PGI 2013),1.06066017178
2014-01-14-2014-01-15-New York-12495816,Premiere Vision-New York (spring),Premiere Vision New York Spring Summer 2015 (PREMIERE VISION),1.84753253914
2015-01-20-2015-01-22-Las Vegas-23874434,NAHB International Builders' Show,NAHB International Builders' Show (IBS),1.74840918032
2015-07-21-2015-07-22-New York-12495816,Premiere Vision-New York (fall),Premiere Vision New York,1.97217900225
2014-07-22-2014-07-23-New York-22817999,Premiere Vision-New York (fall),Premiere Vision New York-AW15-16,1.7061898261
2014-07-22-2014-07-23-New York-14053007,Premiere Vision-New York (fall),Premiere Vision New York-AW15-16,1.7061898261
2014-02-04-2014-02-06-Las Vegas-53133628,NAHB International Builders' Show,The International Builders' Show(IBS 2014),1.21111186144
2012-05-01-2012-05-03-Las Vegas-52804774,NHS - National Hardware Show with Lawn & Garden World,National Hardware Show,1.73205080757
2013-02-12-2013-02-14-Anaheim-20765714,MD & M West - Medical Design and Manufacturing West Conference & Exposition,Medical Design & Manufacturing  MD&M West(MD&M West),2.06436776175
2012-07-10-2012-07-12-San Francisco-86412635,Intersolar North America,Intersolar North America,1.73205080757
2012-07-10-2012-07-12-San Francisco-23700883,SEMICON/West - Semiconductor Equipment and Materials Exhibition and Conference (Wafer Processing),SEMICON West 2012,1.15470053838
2015-01-13-2015-01-14-New York-14053007,Premiere Vision-New York (spring),Premiere Vision New York - Spring Summer 16,1.80381273043
2012-05-01-2012-05-03-Las Vegas-22200848,NHS - National Hardware Show with Lawn & Garden World,National Hardware Show,1.73205080757
2014-02-11-2014-02-13-Anaheim-16980249,MD & M West - Medical Design and Manufacturing West Conference & Exposition,Medical Design & Manufacturing West(MD&M West),2.13142683123
2012-05-01-2012-05-03-Las Vegas-4267249,NHS - National Hardware Show with Lawn & Garden World,National Hardware Show,1.73205080757
2015-02-10-2015-02-12-Anaheim-16980249,MD & M West - Medical Design and Manufacturing West Conference & Exposition,MD&M West Show 2015,0.990875131563
2012-04-24-2012-04-26-Chicago-12336064,KBIS - The Kitchen and Bath Industry Show (Chicago),Kitchen & Bath Industry Show(KBIS 2012),2.04124145232
2012-05-01-2012-05-03-Las Vegas-12994550,NHS - National Hardware Show with Lawn & Garden World,National Hardware Show,1.73205080757
2014-07-08-2014-07-10-San Francisco-56615319,SEMICON/West - Semiconductor Equipment and Materials Exhibition and Conference (Wafer Processing),SEMICON West 2014,1.26333440348
2015-06-09-2015-06-11-New York-23306524,HBA GLOBAL EXPO,HBA Global Expo,1.73205080757
2014-02-04-2014-02-06-Las Vegas-53607879,KBIS - The Kitchen and Bath Industry Show (Las Vegas),Kitchen & Bath Industry Show (KBIS 2014)(KBIS 2014),1.85002059773
2013-06-18-2013-06-20-Philadelphia-4731859,MD & M East - Medical Design and Manufacturing East Conference and Exhibition,Medical Design & Manufacturing (MD &M) East (MD&M East),2.06436776175
2014-09-09-2014-09-11-Las Vegas-28556009,CTIA WIRELESS - Telecommunications Industry Association Meeting & Exposition,Super Mobility Week,0.0
2013-03-19-2013-03-21-Anaheim-70616773,OFC - Optical Fiber Communications Conference,OFC/NFOEC 2013,0.57735026919
2015-09-28-2015-09-30-Las Vegas-97261037,Pack Expo,PACK EXPO Las Vegas 2015(PACK EXPO ),1.13942557738
2012-05-01-2012-05-03-Las Vegas-80118939,NHS - National Hardware Show with Lawn & Garden World,National Hardware Show,1.73205080757
2015-01-20-2015-01-22-Las Vegas-20904011,KBIS - The Kitchen and Bath Industry Show (Las Vegas),Kitchen & Bath Industry Show (KBIS 2015),2.00785445966
2014-01-14-2014-01-15-New York-22817999,Premiere Vision-New York (spring),Premiere Vision New York Spring Summer 2015 (PREMIERE VISION),1.84753253914
2014-09-09-2014-09-11-Las Vegas-16768350,"GlassBuild America - The Glass, Window & Door Expo","GlassBuild America - The Glass, Window & Door Expo(GlassBuild America)",2.49615088301
2012-04-24-2012-04-26-Chicago-86395501,Vision IWCE -International Window Coverings Expo,International Window Coverings  Expo   VISION  '12(IWCE),2.26778683806
2015-01-19-2015-01-21-New York-7719203,Texworld USA - Worldwide Fabrics Rendez-vous (January),Texworld USA,1.41421356237
2014-06-10-2014-06-12-New York-12941127,HBA GLOBAL EXPO,HBA Global Expo (HBA 2014),1.51185789204
2014-02-11-2014-02-13-Anaheim-12994550,MD & M West - Medical Design and Manufacturing West Conference & Exposition,Medical Design & Manufacturing West(MD&M West),2.13142683123
2015-02-10-2015-02-12-Anaheim-20736042,electronics west,PLASTEC West 2015,0.517856116168
2013-07-09-2013-07-11-San Francisco-69501752,SEMICON/West - Semiconductor Equipment and Materials Exhibition and Conference (Wafer Processing),SEMICON West 2013,1.15470053838
2015-01-20-2015-01-22-Las Vegas-22951377,NAHB International Builders' Show,NAHB International Builders' Show (IBS),1.74840918032
2015-01-20-2015-01-22-Las Vegas-28839372,NAHB International Builders' Show,NAHB International Builders' Show (IBS),1.74840918032
2012-05-01-2012-05-03-Las Vegas-86908312,NHS - National Hardware Show with Lawn & Garden World,National Hardware Show,1.73205080757
2012-01-16-2012-01-18-New York-86865398,Texworld USA - Worldwide Fabrics Rendez-vous (January),Texworld USA 2012(Texworld USA ),1.37148503764
2015-02-10-2015-02-12-Anaheim-22075285,MD & M West - Medical Design and Manufacturing West Conference & Exposition,MD&M West Show 2015,0.990875131563
2014-02-23-2014-02-25-New York-27863556,CURVENY New York - Fall/Winter,COTERIE,0.0
2014-02-11-2014-02-13-Anaheim-16527682,MD & M West - Medical Design and Manufacturing West Conference & Exposition,Medical Design & Manufacturing West(MD&M West),2.13142683123
2015-01-19-2015-01-21-New York-86865398,Texworld USA - Worldwide Fabrics Rendez-vous (January),Texworld USA,1.41421356237
2014-06-10-2014-06-12-New York-70485442,HBA GLOBAL EXPO,HBA Global Expo (HBA 2014),1.51185789204
2015-03-08-2015-03-10-New York-12627020,IBS New York - International Beauty Show,IBS New York - The International Beauty Show New York 2015(IBS New York 2015),2.00401673781
2012-04-24-2012-04-26-Chicago-80122639,KBIS - The Kitchen and Bath Industry Show (Chicago),Kitchen & Bath Industry Show(KBIS 2012),2.04124145232
2013-02-12-2013-02-14-Anaheim-12119974,Pacific Design Engineering Show,Pacific Design & Manufacturing Exhibition,1.0262842586
2015-01-20-2015-01-22-Las Vegas-13042593,KBIS - The Kitchen and Bath Industry Show (Las Vegas),Kitchen & Bath Industry Show (KBIS 2015),2.00785445966
2013-07-09-2013-07-11-San Francisco-23700883,SEMICON/West - Semiconductor Equipment and Materials Exhibition and Conference (Wafer Processing),SEMICON West 2013,1.15470053838
2012-01-16-2012-01-18-New York-70838213,Texworld USA - Worldwide Fabrics Rendez-vous (January),Texworld USA 2012(Texworld USA ),1.37148503764
2015-01-13-2015-01-14-New York-7435901,Premiere Vision-New York (spring),Premiere Vision New York - Spring Summer 16,1.80381273043
2012-05-01-2012-05-03-Las Vegas-86092020,NHS - National Hardware Show with Lawn & Garden World,National Hardware Show,1.73205080757
2015-01-19-2015-01-21-New York-22817999,Texworld USA - Worldwide Fabrics Rendez-vous (January),Texworld USA,1.41421356237
2012-01-16-2012-01-18-New York-16605130,Texworld USA - Worldwide Fabrics Rendez-vous (January),Texworld USA 2012(Texworld USA ),1.37148503764
2013-02-12-2013-02-14-Anaheim-4731859,MD & M West - Medical Design and Manufacturing West Conference & Exposition,Medical Design & Manufacturing  MD&M West(MD&M West),2.06436776175
2014-03-09-2014-03-11-New York-84402507,IBS New York - International Beauty Show,The International Beauty Show New York(IBS New York 2014),2.12128249616
2015-02-10-2015-02-12-Anaheim-22065316,WestPack - The Western Packaging Exposition,PLASTEC West 2015,0.0
2015-02-10-2015-02-12-Anaheim-4731859,MD & M West - Medical Design and Manufacturing West Conference & Exposition,MD&M West Show 2015,0.990875131563
2015-09-15-2015-09-17-Novi-28931960,The Battery Show,The Battery Show- The Expo for Advanced Batteries,1.29734509256
2014-01-14-2014-01-15-New York-7435901,Premiere Vision-New York (spring),Premiere Vision New York Spring Summer 2015 (PREMIERE VISION),1.84753253914
2014-07-08-2014-07-10-San Francisco-25091702,SEMICON/West - Semiconductor Equipment and Materials Exhibition and Conference (Wafer Processing),SEMICON West 2014,1.26333440348
2015-01-13-2015-01-14-New York-22817999,Premiere Vision-New York (spring),Premiere Vision New York - Spring Summer 16,1.80381273043
2015-01-20-2015-01-22-Las Vegas-53133628,NAHB International Builders' Show,NAHB International Builders' Show (IBS),1.74840918032
2012-05-01-2012-05-03-Las Vegas-66531351,NHS - National Hardware Show with Lawn & Garden World,National Hardware Show,1.73205080757
2012-07-10-2012-07-12-San Francisco-69501752,SEMICON/West - Semiconductor Equipment and Materials Exhibition and Conference (Wafer Processing),SEMICON West 2012,1.15470053838
2014-02-11-2014-02-13-Anaheim-34187264,ATX MIDWEST - Automation Technology Expo,Sustainability in Manufacturing expo (SIM Anaheim 2014),0.404907090616
2015-01-19-2015-01-21-New York-97465898,Texworld USA - Worldwide Fabrics Rendez-vous (January),Texworld USA,1.41421356237
2015-02-10-2015-02-12-Anaheim-13117735,Pacific Design & Manufacturing,PLASTEC West 2015,0.0
2015-07-21-2015-07-22-New York-23573401,Premiere Vision-New York (fall),Premiere Vision New York,1.97217900225
2012-05-01-2012-05-03-Las Vegas-20767023,NHS - National Hardware Show with Lawn & Garden World,National Hardware Show,1.73205080757
2014-02-11-2014-02-13-Anaheim-23538073,MD & M West - Medical Design and Manufacturing West Conference & Exposition,Medical Design & Manufacturing West(MD&M West),2.13142683123
2014-06-10-2014-06-12-New York-23306524,HBA GLOBAL EXPO,HBA Global Expo (HBA 2014),1.51185789204
2012-04-24-2012-04-26-Chicago-24496733,KBIS - The Kitchen and Bath Industry Show (Chicago),Kitchen & Bath Industry Show(KBIS 2012),2.04124145232
2014-09-09-2014-09-11-Las Vegas-24497254,CTIA WIRELESS - Telecommunications Industry Association Meeting & Exposition,Super Mobility Week,0.0
2015-06-09-2015-06-11-New York-84171891,HBA GLOBAL EXPO,HBA Global Expo,1.73205080757
2015-06-09-2015-06-11-New York-53208845,Atlantic Design & Manufacturing,Atlantic Design & Manufacturing,1.73205080757
2013-07-09-2013-07-11-San Francisco-89374121,SEMICON/West - Semiconductor Equipment and Materials Exhibition and Conference (Wafer Processing),SEMICON West 2013,1.15470053838
2014-02-11-2014-02-13-Anaheim-13117735,Pacific Design Manufacturing,Pacific Design & Manufacturing Exhibition,1.4066899062
2015-01-19-2015-01-21-New York-16605130,Texworld USA - Worldwide Fabrics Rendez-vous (January),Texworld USA,1.41421356237
2012-05-01-2012-05-03-Las Vegas-12119974,NHS - National Hardware Show with Lawn & Garden World,National Hardware Show,1.73205080757
2013-01-29-2013-01-31-Las Vegas-13004232,Surfaces - Floor Covering Show,SURFACES 2013,0.707106781187
2013-09-17-2013-09-19-Detroit-28931960,The Battery Show,The Battery Show(Battery),1.55053753979
2014-02-11-2014-02-13-Anaheim-20765714,MD & M West - Medical Design and Manufacturing West Conference & Exposition,Medical Design & Manufacturing West(MD&M West),2.13142683123
2014-02-11-2014-02-13-Anaheim-52507113,WestPack - The Western Packaging Exposition,WestPack,1.0
2012-05-20-2012-05-23-Las Vegas-22099982,CURRENT CONCEPTS IN JOINT REPLACEMENT -Spring ,TIDES : 2012 (TIDES ),0.0
2012-12-11-2012-12-13-Orlando-28772843,POWER-GEN International - The Global Power Generation Exhibition & Conference,POWER-GEN International 2012(PGI 2012),1.06066017178
2013-07-09-2013-07-11-San Francisco-86412635,Intersolar North America,Intersolar North America,1.73205080757
2014-03-11-2014-03-13-Las Vegas-13133334,"The Travel Goods Show - The International Travelgoods, Leather and Accessories Show",The Internationl Travel Goods Show,1.788854382
2013-03-19-2013-03-21-Anaheim-80439067,OFC - Optical Fiber Communications Conference,OFC/NFOEC 2013,0.57735026919
2015-02-10-2015-02-12-Anaheim-43845900,Pacific Design & Manufacturing,PLASTEC West 2015,0.0
2013-06-18-2013-06-20-Philadelphia-47183992,MD & M East - Medical Design and Manufacturing East Conference and Exhibition,Medical Design & Manufacturing (MD &M) East (MD&M East),2.06436776175
2015-01-20-2015-01-22-Las Vegas-22274989,KBIS - The Kitchen and Bath Industry Show (Las Vegas),Kitchen & Bath Industry Show (KBIS 2015),2.00785445966
2012-05-01-2012-05-03-Las Vegas-97252918,NHS - National Hardware Show with Lawn & Garden World,National Hardware Show,1.73205080757
2012-05-01-2012-05-03-Las Vegas-59339605,NHS - National Hardware Show with Lawn & Garden World,National Hardware Show,1.73205080757
2013-02-12-2013-02-14-Anaheim-52507113,WestPack - The Western Packaging Exposition,WestPack,1.0
2012-05-01-2012-05-03-Las Vegas-55736912,NHS - National Hardware Show with Lawn & Garden World,National Hardware Show,1.73205080757
2013-06-18-2013-06-20-Philadelphia-52507113,EASTPACK - The Eastern Packaging Exposition,EastPack,1.0
2014-03-09-2014-03-11-New York-12627020,IBS New York - International Beauty Show,The International Beauty Show New York(IBS New York 2014),2.12128249616
2015-09-15-2015-09-17-Novi-6593629,The Battery Show,The Battery Show- The Expo for Advanced Batteries,1.29734509256
2015-01-19-2015-01-21-New York-70838213,Texworld USA - Worldwide Fabrics Rendez-vous (January),Texworld USA,1.41421356237
2012-01-16-2012-01-18-New York-27984664,Texworld USA - Worldwide Fabrics Rendez-vous (January),Texworld USA 2012(Texworld USA ),1.37148503764
2014-02-04-2014-02-06-Las Vegas-22951377,NAHB International Builders' Show,The International Builders' Show(IBS 2014),1.21111186144
2012-04-24-2012-04-26-Chicago-75998738,Vision IWCE -International Window Coverings Expo,International Window Coverings  Expo   VISION  '12(IWCE),2.26778683806
2012-05-01-2012-05-03-Las Vegas-72108944,NHS - National Hardware Show with Lawn & Garden World,National Hardware Show,1.73205080757
2012-05-01-2012-05-03-Las Vegas-35971071,NHS - National Hardware Show with Lawn & Garden World,National Hardware Show,1.73205080757
2012-04-24-2012-04-26-Chicago-88652293,KBIS - The Kitchen and Bath Industry Show (Chicago),Kitchen & Bath Industry Show(KBIS 2012),2.04124145232
2014-02-04-2014-02-06-Las Vegas-34651874,KBIS - The Kitchen and Bath Industry Show (Las Vegas),Kitchen & Bath Industry Show (KBIS 2014)(KBIS 2014),1.85002059773
2015-06-02-2015-06-04-Houston-89627505,"JEC americas Conferences, Table-Tops and Networking",JEC Americas 2015,1.15470053838
2013-02-12-2013-02-14-Anaheim-22075285,MD & M West - Medical Design and Manufacturing West Conference & Exposition,Medical Design & Manufacturing  MD&M West(MD&M West),2.06436776175
2012-05-01-2012-05-03-Las Vegas-59230350,NHS - National Hardware Show with Lawn & Garden World,National Hardware Show,1.73205080757
2015-06-09-2015-06-11-New York-71283900,HBA GLOBAL EXPO,HBA Global Expo,1.73205080757
2012-05-01-2012-05-03-Las Vegas-14090925,NHS - National Hardware Show with Lawn & Garden World,National Hardware Show,1.73205080757
2012-04-24-2012-04-26-Atlanta-12386676,Techtextil North America (Atlanta),Techtextil North America 2012,1.60213898716
2015-01-19-2015-01-21-New York-96952792,Texworld USA - Worldwide Fabrics Rendez-vous (January),Texworld USA,1.41421356237
2012-01-16-2012-01-18-New York-22022289,Texworld USA - Worldwide Fabrics Rendez-vous (January),Texworld USA 2012(Texworld USA ),1.37148503764
2012-01-16-2012-01-18-New York-70507516,Texworld USA - Worldwide Fabrics Rendez-vous (January),Texworld USA 2012(Texworld USA ),1.37148503764
2015-07-14-2015-07-16-San Francisco-28884116,SEMICON/West - Semiconductor Equipment and Materials Exhibition and Conference (Wafer Processing),SEMICON West 2015,1.26333440348
2013-02-12-2013-02-14-Anaheim-12994550,MD & M West - Medical Design and Manufacturing West Conference & Exposition,Medical Design & Manufacturing  MD&M West(MD&M West),2.06436776175
2013-03-19-2013-03-21-Anaheim-16634613,OFC - Optical Fiber Communications Conference,OFC/NFOEC 2013,0.57735026919
2012-05-01-2012-05-03-Las Vegas-52696959,NHS - National Hardware Show with Lawn & Garden World,National Hardware Show,1.73205080757
2014-01-14-2014-01-15-New York-14053007,Premiere Vision-New York (spring),Premiere Vision New York Spring Summer 2015 (PREMIERE VISION),1.84753253914
2012-01-16-2012-01-18-New York-96952792,Texworld USA - Worldwide Fabrics Rendez-vous (January),Texworld USA 2012(Texworld USA ),1.37148503764
2013-02-12-2013-02-14-Anaheim-84086522,WestPack - The Western Packaging Exposition,WestPack,1.0
2014-02-11-2014-02-13-Anaheim-84086522,WestPack - The Western Packaging Exposition,WestPack,1.0
2015-01-20-2015-01-22-Las Vegas-84387554,IWCE - International Window Coverings Expo: Vision ,NAHB International Builders' Show (IBS),0.471077812332
2015-01-19-2015-01-21-New York-54284861,Texworld USA - Worldwide Fabrics Rendez-vous (January),Texworld USA,1.41421356237
2012-05-01-2012-05-03-Las Vegas-22492367,NHS - National Hardware Show with Lawn & Garden World,National Hardware Show,1.73205080757
2015-07-21-2015-07-22-New York-22817999,Premiere Vision-New York (fall),Premiere Vision New York,1.97217900225
2015-01-19-2015-01-21-New York-72051941,Texworld USA - Worldwide Fabrics Rendez-vous (January),Texworld USA,1.41421356237
2015-09-28-2015-09-30-Las Vegas-80001282,Pack Expo,PACK EXPO Las Vegas 2015(PACK EXPO ),1.13942557738
2013-02-12-2013-02-14-Anaheim-97200102,MD & M West - Medical Design and Manufacturing West Conference & Exposition,Medical Design & Manufacturing  MD&M West(MD&M West),2.06436776175
2015-02-10-2015-02-12-Anaheim-89627505,Plastec West - A Plasticstoday Event,PLASTEC West 2015,1.19877467657
2012-05-01-2012-05-03-Las Vegas-51272200,NHS - National Hardware Show with Lawn & Garden World,National Hardware Show,1.73205080757
2015-01-19-2015-01-21-New York-4346223,Texworld USA - Worldwide Fabrics Rendez-vous (January),Texworld USA,1.41421356237
2015-01-19-2015-01-21-New York-70544420,Texworld USA - Worldwide Fabrics Rendez-vous (January),Texworld USA,1.41421356237
2015-02-10-2015-02-12-Anaheim-16966252,MD & M West - Medical Design and Manufacturing West Conference & Exposition,MD&M West Show 2015,0.990875131563
2014-07-22-2014-07-23-New York-31147850,"The Kingpins Show, New York (July)",Premiere Vision New York-AW15-16,0.709297266606
2015-09-17-2015-09-19-Baltimore-16301376,Natural Products Expo East,Natural Products Expo East 2015,1.88431124933
2015-02-10-2015-02-12-Anaheim-12119974,Pacific Design & Manufacturing,PLASTEC West 2015,0.0
2015-01-20-2015-01-22-Las Vegas-96873468,NAHB International Builders' Show,NAHB International Builders' Show (IBS),1.74840918032
2012-01-16-2012-01-18-New York-13095866,Texworld USA - Worldwide Fabrics Rendez-vous (January),Texworld USA 2012(Texworld USA ),1.37148503764
2012-05-01-2012-05-03-Las Vegas-22301058,NHS - National Hardware Show with Lawn & Garden World,National Hardware Show,1.73205080757
2015-07-14-2015-07-16-San Francisco-25091702,SEMICON/West - Semiconductor Equipment and Materials Exhibition and Conference (Wafer Processing),SEMICON West 2015,1.26333440348
2012-04-24-2012-04-26-Chicago-34651874,KBIS - The Kitchen and Bath Industry Show (Chicago),Kitchen & Bath Industry Show(KBIS 2012),2.04124145232
2015-07-21-2015-07-22-New York-14053007,Premiere Vision-New York (fall),Premiere Vision New York,1.97217900225
2015-09-28-2015-09-30-Las Vegas-53629249,Pack Expo,PACK EXPO Las Vegas 2015(PACK EXPO ),1.13942557738
2012-05-01-2012-05-03-Las Vegas-22204669,NHS - National Hardware Show with Lawn & Garden World,National Hardware Show,1.73205080757
2012-01-16-2012-01-18-New York-4346223,Texworld USA - Worldwide Fabrics Rendez-vous (January),Texworld USA 2012(Texworld USA ),1.37148503764
2015-01-13-2015-01-14-New York-12495816,Premiere Vision-New York (spring),Premiere Vision New York - Spring Summer 16,1.80381273043
2012-05-01-2012-05-03-Las Vegas-89541845,NHS - National Hardware Show with Lawn & Garden World,National Hardware Show,1.73205080757
2014-02-11-2014-02-13-Anaheim-4731859,MD & M West - Medical Design and Manufacturing West Conference & Exposition,Medical Design & Manufacturing West(MD&M West),2.13142683123
2015-01-20-2015-01-22-Las Vegas-22920305,KBIS - The Kitchen and Bath Industry Show (Las Vegas),Kitchen & Bath Industry Show (KBIS 2015),2.00785445966
2012-07-10-2012-07-12-San Francisco-80581850,Intersolar North America,Intersolar North America,1.73205080757
2013-07-09-2013-07-11-San Francisco-16406379,SEMICON/West - Semiconductor Equipment and Materials Exhibition and Conference (Wafer Processing),SEMICON West 2013,1.15470053838
2014-06-10-2014-06-12-New York-4533400,HBA GLOBAL EXPO,HBA Global Expo (HBA 2014),1.51185789204
2015-09-17-2015-09-19-Baltimore-20934887,Natural Products Expo East,Natural Products Expo East 2015,1.88431124933
2013-03-19-2013-03-21-Anaheim-12619611,OFC - Optical Fiber Communications Conference,OFC/NFOEC 2013,0.57735026919
2015-01-19-2015-01-21-New York-22022289,Texworld USA - Worldwide Fabrics Rendez-vous (January),Texworld USA,1.41421356237
2015-01-19-2015-01-21-New York-22974293,Texworld USA - Worldwide Fabrics Rendez-vous (January),Texworld USA,1.41421356237
2014-09-09-2014-09-11-Las Vegas-69610344,CTIA WIRELESS - Telecommunications Industry Association Meeting & Exposition,Super Mobility Week,0.0
2014-09-09-2014-09-11-Las Vegas-22652292,CTIA WIRELESS - Telecommunications Industry Association Meeting & Exposition,Super Mobility Week,0.0
2012-05-01-2012-05-03-Las Vegas-59231581,NHS - National Hardware Show with Lawn & Garden World,National Hardware Show,1.73205080757
2012-05-01-2012-05-03-Las Vegas-89531662,NHS - National Hardware Show with Lawn & Garden World,National Hardware Show,1.73205080757
2014-02-11-2014-02-13-Anaheim-12119974,Pacific Design & Manufacturing,Pacific Design & Manufacturing Exhibition,1.4066899062
2014-03-26-2014-03-27-Boston-84428393,PLASTEC NEW ENGLAND,Electronics NEW ENGLAND 2014,0.960916794585
2015-01-20-2015-01-22-Las Vegas-75998738,IWCE - International Window Coverings Expo: Vision ,NAHB International Builders' Show (IBS),0.471077812332
2012-05-01-2012-05-03-Las Vegas-61912465,NHS - National Hardware Show with Lawn & Garden World,National Hardware Show,1.73205080757
2015-01-19-2015-01-21-New York-22216172,Texworld USA - Worldwide Fabrics Rendez-vous (January),Texworld USA,1.41421356237
2015-01-20-2015-01-22-Las Vegas-23630037,NAHB International Builders' Show,NAHB International Builders' Show (IBS),1.74840918032
2015-02-10-2015-02-12-Anaheim-12994550,MD & M West - Medical Design and Manufacturing West Conference & Exposition,MD&M West Show 2015,0.990875131563
2015-07-14-2015-07-16-San Francisco-13020330,SEMICON/West - Semiconductor Equipment and Materials Exhibition and Conference (Wafer Processing),SEMICON West 2015,1.26333440348
2014-09-09-2014-09-11-Las Vegas-15859515,"GlassBuild America - The Glass, Window & Door Expo","GlassBuild America - The Glass, Window & Door Expo(GlassBuild America)",2.49615088301
2014-03-11-2014-03-13-Las Vegas-23384788,ITEX - NATIONAL CONFERENCE AND EXPO,The Internationl Travel Goods Show,0.0
2012-01-16-2012-01-18-New York-86277820,Texworld USA - Worldwide Fabrics Rendez-vous (January),Texworld USA 2012(Texworld USA ),1.37148503764
2014-07-22-2014-07-23-New York-12495816,Premiere Vision-New York (fall),Premiere Vision New York-AW15-16,1.7061898261
2012-05-01-2012-05-03-Las Vegas-23003113,NHS - National Hardware Show with Lawn & Garden World,National Hardware Show,1.73205080757
2012-01-16-2012-01-18-New York-97465898,Texworld USA - Worldwide Fabrics Rendez-vous (January),Texworld USA 2012(Texworld USA ),1.37148503764
2012-07-10-2012-07-12-San Francisco-80047702,SEMICON/West - Semiconductor Equipment and Materials Exhibition and Conference (Wafer Processing),SEMICON West 2012,1.15470053838
2014-02-04-2014-02-06-Las Vegas-22274989,KBIS - The Kitchen and Bath Industry Show (Las Vegas),Kitchen & Bath Industry Show (KBIS 2014)(KBIS 2014),1.85002059773
2015-01-19-2015-01-21-New York-33700601,Texworld USA - Worldwide Fabrics Rendez-vous (January),Texworld USA,1.41421356237
